{"num_phantom_bedrooms": 3.545592769113771, "adjustments": {"0": 0.93387420172268221, "1": 0.93781415695355475, "2": 1.0132580177555717, "3": 1.030581186804356, "4": 1.062091142363611, "5": 1.1831507149222267, "6": 1.1481752998946966, "7": 1.2959457700665911}, "buckets": [561.13906359070165, 499.60108271308417, 462.28774389201362, 434.760582491994, 414.28804400231235, 394.80359581409664, 378.83672447477784, 366.22945144366469, 354.20831161794342, 338.4847953322099, 324.8431261438576, 308.59240030704643, 295.18136671988532, 282.76476231810244, 270.8051252500174, 254.85779495661598, 241.97485790217496], "n": 2038}